{
  "delta_self_trans_mean": 0.9010157560525089,
  "delta_self_trans_max": 0.9165580182529335,
  "delta_n_words": 938,
  "theta_self_trans_mean": 0.8494610501100517,
  "theta_self_trans_max": 0.8677839851024208,
  "theta_n_words": 1442,
  "alpha_self_trans_mean": 0.8127130986349043,
  "alpha_self_trans_max": 0.8424744897959183,
  "alpha_n_words": 1741,
  "beta_self_trans_mean": 0.8014022592535053,
  "beta_self_trans_max": 0.8236111111111111,
  "beta_n_words": 1909,
  "gamma_self_trans_mean": 0.8194396531207393,
  "gamma_self_trans_max": 0.8461538461538461,
  "gamma_n_words": 1713,
  "coupling_delta_theta": 0.0573477117929163,
  "coupling_delta_alpha": 0.03418192751476726,
  "coupling_delta_beta": 0.020716334060833896,
  "coupling_delta_gamma": 0.020719814670983574,
  "coupling_theta_alpha": 0.03280953170411015,
  "coupling_theta_beta": 0.024182116511579407,
  "coupling_theta_gamma": 0.02150426664458626,
  "coupling_alpha_beta": 0.019446658528166707,
  "coupling_alpha_gamma": 0.014815662840717071,
  "coupling_beta_gamma": 0.01574521540068853,
  "n_attractors_used": 12,
  "top_attractor_fraction": 0.1352880658436214,
  "attractor_entropy": 2.4470862359342576,
  "fraction_critical": 0.5,
  "fraction_clocklike": 0.0,
  "top_sig_band0": 0.5116845918777679,
  "top_sig_band1": 0.5395033903251061,
  "top_sig_band2": 0.9999999995784074,
  "top_sig_band3": 0.8980590352840423,
  "top_sig_band4": 0.8054888805349047,
  "global_metastability": 1.263404792821859
}