{
  "delta_self_trans_mean": 0.892085095261259,
  "delta_self_trans_max": 0.9042303172737955,
  "delta_n_words": 1027,
  "theta_self_trans_mean": 0.8448039627747266,
  "theta_self_trans_max": 0.8754758020663403,
  "theta_n_words": 1493,
  "alpha_self_trans_mean": 0.8141550047936723,
  "alpha_self_trans_max": 0.8329506314580941,
  "alpha_n_words": 1781,
  "beta_self_trans_mean": 0.7843748295911883,
  "beta_self_trans_max": 0.8179723502304147,
  "beta_n_words": 2055,
  "gamma_self_trans_mean": 0.8196743852370554,
  "gamma_self_trans_max": 0.8340180772391126,
  "gamma_n_words": 1743,
  "coupling_delta_theta": 0.03406567675605553,
  "coupling_delta_alpha": 0.043129388036118176,
  "coupling_delta_beta": 0.029545433440701582,
  "coupling_delta_gamma": 0.024672857653378205,
  "coupling_theta_alpha": 0.026518487139596744,
  "coupling_theta_beta": 0.020789888442377606,
  "coupling_theta_gamma": 0.019427981856904978,
  "coupling_alpha_beta": 0.022082987109544455,
  "coupling_alpha_gamma": 0.023895059241832117,
  "coupling_beta_gamma": 0.022315012905493856,
  "n_attractors_used": 11,
  "top_attractor_fraction": 0.11893004115226337,
  "attractor_entropy": 2.420974325368516,
  "fraction_critical": 1.0,
  "fraction_clocklike": 0.0,
  "top_sig_band0": 0.999999999704938,
  "top_sig_band1": 0.4104517766036746,
  "top_sig_band2": 0.6553659284500123,
  "top_sig_band3": 0.6358145719610345,
  "top_sig_band4": 0.4901527150951502,
  "global_metastability": 1.3607645045493733
}