{
  "delta_self_trans_mean": 0.9005790083594695,
  "delta_self_trans_max": 0.9163961038961039,
  "delta_n_words": 956,
  "theta_self_trans_mean": 0.8497547857678018,
  "theta_self_trans_max": 0.8715548621944877,
  "theta_n_words": 1427,
  "alpha_self_trans_mean": 0.798751557856856,
  "alpha_self_trans_max": 0.8391332895600788,
  "alpha_n_words": 1871,
  "beta_self_trans_mean": 0.7983045847632244,
  "beta_self_trans_max": 0.8203737191078964,
  "beta_n_words": 1942,
  "gamma_self_trans_mean": 0.8123518239222765,
  "gamma_self_trans_max": 0.8543632075471698,
  "gamma_n_words": 1739,
  "coupling_delta_theta": 0.06114745702175404,
  "coupling_delta_alpha": 0.04362459965055981,
  "coupling_delta_beta": 0.023990089884725035,
  "coupling_delta_gamma": 0.019443482637768877,
  "coupling_theta_alpha": 0.032622435839578384,
  "coupling_theta_beta": 0.019230454828707208,
  "coupling_theta_gamma": 0.0149887009280541,
  "coupling_alpha_beta": 0.020589992597554646,
  "coupling_alpha_gamma": 0.017465293113989894,
  "coupling_beta_gamma": 0.013227972017473215,
  "n_attractors_used": 11,
  "top_attractor_fraction": 0.1259259259259259,
  "attractor_entropy": 2.4424253624236103,
  "fraction_critical": 0.8333333333333334,
  "fraction_clocklike": 0.0,
  "top_sig_band0": 0.7022525741589536,
  "top_sig_band1": 0.7499220278146823,
  "top_sig_band2": 0.9999999995627494,
  "top_sig_band3": 0.6853214581635056,
  "top_sig_band4": 0.671393077943081,
  "global_metastability": 1.5369074550227966
}