{
  "delta_self_trans_mean": 0.8960954681536895,
  "delta_self_trans_max": 0.9134554643082754,
  "delta_n_words": 996,
  "theta_self_trans_mean": 0.8426054812122091,
  "theta_self_trans_max": 0.8622412562455389,
  "theta_n_words": 1510,
  "alpha_self_trans_mean": 0.8085675216015197,
  "alpha_self_trans_max": 0.8434038267875126,
  "alpha_n_words": 1760,
  "beta_self_trans_mean": 0.8086679536739226,
  "beta_self_trans_max": 0.8213866039952996,
  "beta_n_words": 1843,
  "gamma_self_trans_mean": 0.8206745821089063,
  "gamma_self_trans_max": 0.8400503778337531,
  "gamma_n_words": 1712,
  "coupling_delta_theta": 0.04348827039124266,
  "coupling_delta_alpha": 0.03324807453424424,
  "coupling_delta_beta": 0.020671035996811235,
  "coupling_delta_gamma": 0.020428091803739706,
  "coupling_theta_alpha": 0.028282885053275784,
  "coupling_theta_beta": 0.02080104716336311,
  "coupling_theta_gamma": 0.016365921520596738,
  "coupling_alpha_beta": 0.02096135990890486,
  "coupling_alpha_gamma": 0.015066459286951904,
  "coupling_beta_gamma": 0.012630254338075318,
  "n_attractors_used": 11,
  "top_attractor_fraction": 0.1044238683127572,
  "attractor_entropy": 2.464089391535766,
  "fraction_critical": 0.9166666666666666,
  "fraction_clocklike": 0.0,
  "top_sig_band0": 0.42463062418015074,
  "top_sig_band1": 0.6429802910730718,
  "top_sig_band2": 0.9999999996017639,
  "top_sig_band3": 0.8004907795619022,
  "top_sig_band4": 0.7302908558870304,
  "global_metastability": 1.3325745275780432
}