{
  "delta_self_trans_mean": 0.8913625085078397,
  "delta_self_trans_max": 0.8964705882352941,
  "delta_n_words": 1031,
  "theta_self_trans_mean": 0.8408259282190462,
  "theta_self_trans_max": 0.8627062706270627,
  "theta_n_words": 1468,
  "alpha_self_trans_mean": 0.8150467925818959,
  "alpha_self_trans_max": 0.8468519568916619,
  "alpha_n_words": 1652,
  "beta_self_trans_mean": 0.7958839337176211,
  "beta_self_trans_max": 0.8169209431345353,
  "beta_n_words": 1936,
  "gamma_self_trans_mean": 0.8095609932391781,
  "gamma_self_trans_max": 0.8604651162790697,
  "gamma_n_words": 1644,
  "coupling_delta_theta": 0.03661132042756597,
  "coupling_delta_alpha": 0.03586803202948545,
  "coupling_delta_beta": 0.0255276401915839,
  "coupling_delta_gamma": 0.020818358249023547,
  "coupling_theta_alpha": 0.02499023800181454,
  "coupling_theta_beta": 0.02040763679669571,
  "coupling_theta_gamma": 0.017004999656012557,
  "coupling_alpha_beta": 0.022721421659881273,
  "coupling_alpha_gamma": 0.011503905028904648,
  "coupling_beta_gamma": 0.013079646220223288,
  "n_attractors_used": 12,
  "top_attractor_fraction": 0.11610878661087866,
  "attractor_entropy": 2.472073244077502,
  "fraction_critical": 0.75,
  "fraction_clocklike": 0.0,
  "top_sig_band0": 0.5620733505365991,
  "top_sig_band1": 0.906845442745267,
  "top_sig_band2": 0.9999999995907011,
  "top_sig_band3": 0.8926416312054655,
  "top_sig_band4": 0.6008108333463373,
  "global_metastability": 1.2583666317098372
}