{
  "delta_self_trans_mean": 0.8964620289990184,
  "delta_self_trans_max": 0.9040590405904059,
  "delta_n_words": 1001,
  "theta_self_trans_mean": 0.8471890712003071,
  "theta_self_trans_max": 0.8679653679653679,
  "theta_n_words": 1448,
  "alpha_self_trans_mean": 0.8050146617365546,
  "alpha_self_trans_max": 0.8368794326241135,
  "alpha_n_words": 1796,
  "beta_self_trans_mean": 0.8031796119395649,
  "beta_self_trans_max": 0.8304446119065562,
  "beta_n_words": 1853,
  "gamma_self_trans_mean": 0.8149847651479962,
  "gamma_self_trans_max": 0.8549019607843137,
  "gamma_n_words": 1723,
  "coupling_delta_theta": 0.041232648604768,
  "coupling_delta_alpha": 0.040143759715921865,
  "coupling_delta_beta": 0.031012827901856044,
  "coupling_delta_gamma": 0.01970105708044958,
  "coupling_theta_alpha": 0.02929955448548929,
  "coupling_theta_beta": 0.020915016878902133,
  "coupling_theta_gamma": 0.015703002978853905,
  "coupling_alpha_beta": 0.02092365880843803,
  "coupling_alpha_gamma": 0.017139766102547842,
  "coupling_beta_gamma": 0.014994307981655488,
  "n_attractors_used": 12,
  "top_attractor_fraction": 0.09804526748971193,
  "attractor_entropy": 2.478335117373008,
  "fraction_critical": 0.9166666666666666,
  "fraction_clocklike": 0.0,
  "top_sig_band0": 0.9999999997762126,
  "top_sig_band1": 0.7133693265632866,
  "top_sig_band2": 0.5353218711599673,
  "top_sig_band3": 0.4574191408405141,
  "top_sig_band4": 0.44314473427059475,
  "global_metastability": 1.3882645949877315
}