{
  "delta_self_trans_mean": 0.8995470731197444,
  "delta_self_trans_max": 0.9101471727343144,
  "delta_n_words": 958,
  "theta_self_trans_mean": 0.8538908332954592,
  "theta_self_trans_max": 0.8855480116391853,
  "theta_n_words": 1360,
  "alpha_self_trans_mean": 0.8134400443905961,
  "alpha_self_trans_max": 0.8449266113592853,
  "alpha_n_words": 1773,
  "beta_self_trans_mean": 0.7993721324785039,
  "beta_self_trans_max": 0.8291614518147684,
  "beta_n_words": 1924,
  "gamma_self_trans_mean": 0.81487370551209,
  "gamma_self_trans_max": 0.8459687123947052,
  "gamma_n_words": 1751,
  "coupling_delta_theta": 0.041755486092140894,
  "coupling_delta_alpha": 0.04079261269231459,
  "coupling_delta_beta": 0.020099732764107973,
  "coupling_delta_gamma": 0.01528583425765739,
  "coupling_theta_alpha": 0.031061262472556448,
  "coupling_theta_beta": 0.017379378899884224,
  "coupling_theta_gamma": 0.018053794730171935,
  "coupling_alpha_beta": 0.019864917513495103,
  "coupling_alpha_gamma": 0.011886128323506906,
  "coupling_beta_gamma": 0.011779051443762394,
  "n_attractors_used": 12,
  "top_attractor_fraction": 0.11460905349794238,
  "attractor_entropy": 2.468051191608804,
  "fraction_critical": 0.9166666666666666,
  "fraction_clocklike": 0.0,
  "top_sig_band0": 0.4809535275513234,
  "top_sig_band1": 0.9999999996849764,
  "top_sig_band2": 0.7576437553914214,
  "top_sig_band3": 0.6319147624118672,
  "top_sig_band4": 0.5478149286904704,
  "global_metastability": 1.3657929318529993
}