{
  "delta_self_trans_mean": 0.9002474932722849,
  "delta_self_trans_max": 0.9107424960505529,
  "delta_n_words": 952,
  "theta_self_trans_mean": 0.8458815969037248,
  "theta_self_trans_max": 0.8671655753040225,
  "theta_n_words": 1490,
  "alpha_self_trans_mean": 0.8148013636046725,
  "alpha_self_trans_max": 0.858034321372855,
  "alpha_n_words": 1700,
  "beta_self_trans_mean": 0.7906409284157859,
  "beta_self_trans_max": 0.8232784887263863,
  "beta_n_words": 2012,
  "gamma_self_trans_mean": 0.8096807570050202,
  "gamma_self_trans_max": 0.8374927452118398,
  "gamma_n_words": 1798,
  "coupling_delta_theta": 0.06198112024153484,
  "coupling_delta_alpha": 0.037556563594818564,
  "coupling_delta_beta": 0.02873302647412245,
  "coupling_delta_gamma": 0.018937643371959786,
  "coupling_theta_alpha": 0.029544521733746443,
  "coupling_theta_beta": 0.01989871300210092,
  "coupling_theta_gamma": 0.01610420764618297,
  "coupling_alpha_beta": 0.021515307880338487,
  "coupling_alpha_gamma": 0.015325312623714175,
  "coupling_beta_gamma": 0.01569369543800758,
  "n_attractors_used": 11,
  "top_attractor_fraction": 0.14063786008230453,
  "attractor_entropy": 2.437568097009754,
  "fraction_critical": 0.8333333333333334,
  "fraction_clocklike": 0.0,
  "top_sig_band0": 0.9999999996615215,
  "top_sig_band1": 0.4136688325777799,
  "top_sig_band2": 0.87951932399994,
  "top_sig_band3": 0.6105777977902012,
  "top_sig_band4": 0.5283393147271886,
  "global_metastability": 1.4893500840033902
}