{
  "delta_self_trans_mean": 0.8983225502784247,
  "delta_self_trans_max": 0.9113756613756614,
  "delta_n_words": 970,
  "theta_self_trans_mean": 0.8482973279981212,
  "theta_self_trans_max": 0.8707264957264957,
  "theta_n_words": 1450,
  "alpha_self_trans_mean": 0.8127861943840415,
  "alpha_self_trans_max": 0.8402032749858837,
  "alpha_n_words": 1779,
  "beta_self_trans_mean": 0.795464070713782,
  "beta_self_trans_max": 0.832939787485242,
  "beta_n_words": 1941,
  "gamma_self_trans_mean": 0.8195509938414506,
  "gamma_self_trans_max": 0.8379120879120879,
  "gamma_n_words": 1693,
  "coupling_delta_theta": 0.04546190712380549,
  "coupling_delta_alpha": 0.03379510816501168,
  "coupling_delta_beta": 0.021459419595774593,
  "coupling_delta_gamma": 0.02102514717365387,
  "coupling_theta_alpha": 0.0301320140014883,
  "coupling_theta_beta": 0.018350389480473017,
  "coupling_theta_gamma": 0.024089687226428357,
  "coupling_alpha_beta": 0.01887508247317851,
  "coupling_alpha_gamma": 0.015340381721236012,
  "coupling_beta_gamma": 0.013279309955831788,
  "n_attractors_used": 11,
  "top_attractor_fraction": 0.13868312757201645,
  "attractor_entropy": 2.4150984934827147,
  "fraction_critical": 0.8333333333333334,
  "fraction_clocklike": 0.0,
  "top_sig_band0": 0.7225986785645485,
  "top_sig_band1": 0.5511504465934035,
  "top_sig_band2": 0.999999999601711,
  "top_sig_band3": 0.862703443814011,
  "top_sig_band4": 0.7314794401392172,
  "global_metastability": 1.3400559904035223
}