{
  "delta_self_trans_mean": 0.894517386598987,
  "delta_self_trans_max": 0.9070221066319896,
  "delta_n_words": 1010,
  "theta_self_trans_mean": 0.8521137700524175,
  "theta_self_trans_max": 0.8807180081065431,
  "theta_n_words": 1389,
  "alpha_self_trans_mean": 0.8134281942776462,
  "alpha_self_trans_max": 0.8481421647819063,
  "alpha_n_words": 1722,
  "beta_self_trans_mean": 0.7997276658542767,
  "beta_self_trans_max": 0.8172554347826086,
  "beta_n_words": 1914,
  "gamma_self_trans_mean": 0.8232963095689165,
  "gamma_self_trans_max": 0.8481359649122807,
  "gamma_n_words": 1665,
  "coupling_delta_theta": 0.028883591193043227,
  "coupling_delta_alpha": 0.030908606248821656,
  "coupling_delta_beta": 0.021689324321095868,
  "coupling_delta_gamma": 0.022711812258167326,
  "coupling_theta_alpha": 0.034122535036559966,
  "coupling_theta_beta": 0.017405287676015048,
  "coupling_theta_gamma": 0.01834412990616366,
  "coupling_alpha_beta": 0.018912581850920925,
  "coupling_alpha_gamma": 0.017564557960033422,
  "coupling_beta_gamma": 0.015955880555904585,
  "n_attractors_used": 11,
  "top_attractor_fraction": 0.10164609053497943,
  "attractor_entropy": 2.462108576597453,
  "fraction_critical": 0.6666666666666666,
  "fraction_clocklike": 0.0,
  "top_sig_band0": 0.6305166716261907,
  "top_sig_band1": 0.9999999996937112,
  "top_sig_band2": 0.6797956539912847,
  "top_sig_band3": 0.6496179699552194,
  "top_sig_band4": 0.5436771847098781,
  "global_metastability": 1.1858169154375429
}