{
  "delta_self_trans_mean": 0.9001623880007891,
  "delta_self_trans_max": 0.9084175084175085,
  "delta_n_words": 966,
  "theta_self_trans_mean": 0.8463161873946405,
  "theta_self_trans_max": 0.8657024793388429,
  "theta_n_words": 1455,
  "alpha_self_trans_mean": 0.8113000195325102,
  "alpha_self_trans_max": 0.850091407678245,
  "alpha_n_words": 1769,
  "beta_self_trans_mean": 0.7964406556067374,
  "beta_self_trans_max": 0.8213318895506226,
  "beta_n_words": 1955,
  "gamma_self_trans_mean": 0.8108710848474092,
  "gamma_self_trans_max": 0.8602298850574712,
  "gamma_n_words": 1741,
  "coupling_delta_theta": 0.036545167296302764,
  "coupling_delta_alpha": 0.025807376864745164,
  "coupling_delta_beta": 0.024633084086896524,
  "coupling_delta_gamma": 0.021152699625930735,
  "coupling_theta_alpha": 0.024895607571931086,
  "coupling_theta_beta": 0.0169098325300142,
  "coupling_theta_gamma": 0.020433357353676476,
  "coupling_alpha_beta": 0.01831638108071418,
  "coupling_alpha_gamma": 0.015543907263328261,
  "coupling_beta_gamma": 0.010502212806430425,
  "n_attractors_used": 12,
  "top_attractor_fraction": 0.10473251028806585,
  "attractor_entropy": 2.4740428276419686,
  "fraction_critical": 0.8333333333333334,
  "fraction_clocklike": 0.0,
  "top_sig_band0": 0.8925400172154516,
  "top_sig_band1": 0.9999999996343537,
  "top_sig_band2": 0.743059588632949,
  "top_sig_band3": 0.6969887907353092,
  "top_sig_band4": 0.5597206682843711,
  "global_metastability": 1.4808134534953374
}