{
  "delta_self_trans_mean": 0.904984551886304,
  "delta_self_trans_max": 0.9104477611940298,
  "delta_n_words": 923,
  "theta_self_trans_mean": 0.8487393043730336,
  "theta_self_trans_max": 0.8700760193503801,
  "theta_n_words": 1410,
  "alpha_self_trans_mean": 0.8068565374978569,
  "alpha_self_trans_max": 0.8269873079492318,
  "alpha_n_words": 1829,
  "beta_self_trans_mean": 0.7975954242718629,
  "beta_self_trans_max": 0.8283321702721563,
  "beta_n_words": 1924,
  "gamma_self_trans_mean": 0.8126049795793959,
  "gamma_self_trans_max": 0.8385385975250442,
  "gamma_n_words": 1777,
  "coupling_delta_theta": 0.044661252720017995,
  "coupling_delta_alpha": 0.032313589459737425,
  "coupling_delta_beta": 0.023630534003125744,
  "coupling_delta_gamma": 0.017656067877886157,
  "coupling_theta_alpha": 0.029863812235798107,
  "coupling_theta_beta": 0.02156907851090116,
  "coupling_theta_gamma": 0.013717776978545823,
  "coupling_alpha_beta": 0.022669870370804403,
  "coupling_alpha_gamma": 0.014092214536607934,
  "coupling_beta_gamma": 0.01678915683482032,
  "n_attractors_used": 11,
  "top_attractor_fraction": 0.12037037037037036,
  "attractor_entropy": 2.420611318493022,
  "fraction_critical": 1.0,
  "fraction_clocklike": 0.0,
  "top_sig_band0": 0.9999999995273825,
  "top_sig_band1": 0.8553773564692977,
  "top_sig_band2": 0.8195655949159998,
  "top_sig_band3": 0.6426772047716278,
  "top_sig_band4": 0.6595344757814962,
  "global_metastability": 1.592409194261319
}