{
  "delta_self_trans_mean": 0.8971156476714288,
  "delta_self_trans_max": 0.9050401753104456,
  "delta_n_words": 981,
  "theta_self_trans_mean": 0.8469164741105735,
  "theta_self_trans_max": 0.8707639287765652,
  "theta_n_words": 1435,
  "alpha_self_trans_mean": 0.8007446901456583,
  "alpha_self_trans_max": 0.8320775026910656,
  "alpha_n_words": 1865,
  "beta_self_trans_mean": 0.8050045794298225,
  "beta_self_trans_max": 0.8210068365444375,
  "beta_n_words": 1876,
  "gamma_self_trans_mean": 0.8179068853967955,
  "gamma_self_trans_max": 0.8527173913043479,
  "gamma_n_words": 1681,
  "coupling_delta_theta": 0.03738302898147294,
  "coupling_delta_alpha": 0.03441920593420314,
  "coupling_delta_beta": 0.030384877699663505,
  "coupling_delta_gamma": 0.02317325059786541,
  "coupling_theta_alpha": 0.029041121065755113,
  "coupling_theta_beta": 0.01694759539675677,
  "coupling_theta_gamma": 0.015989373071706406,
  "coupling_alpha_beta": 0.023424517447874695,
  "coupling_alpha_gamma": 0.02014046071269644,
  "coupling_beta_gamma": 0.013672370891405668,
  "n_attractors_used": 12,
  "top_attractor_fraction": 0.11563786008230453,
  "attractor_entropy": 2.4741003196764844,
  "fraction_critical": 0.75,
  "fraction_clocklike": 0.0,
  "top_sig_band0": 0.5849639070909131,
  "top_sig_band1": 0.7932005950955906,
  "top_sig_band2": 0.9999999996291178,
  "top_sig_band3": 0.7791800001273296,
  "top_sig_band4": 0.5793243925882634,
  "global_metastability": 1.3438563016053189
}