{
  "delta_self_trans_mean": 0.9005353254148106,
  "delta_self_trans_max": 0.9104803493449781,
  "delta_n_words": 964,
  "theta_self_trans_mean": 0.8489483148788977,
  "theta_self_trans_max": 0.8658764815970056,
  "theta_n_words": 1453,
  "alpha_self_trans_mean": 0.8079032600793404,
  "alpha_self_trans_max": 0.8427579365079365,
  "alpha_n_words": 1786,
  "beta_self_trans_mean": 0.7998607800789304,
  "beta_self_trans_max": 0.8345921450151057,
  "beta_n_words": 1885,
  "gamma_self_trans_mean": 0.8128562216533384,
  "gamma_self_trans_max": 0.8541996830427893,
  "gamma_n_words": 1746,
  "coupling_delta_theta": 0.034015287640906444,
  "coupling_delta_alpha": 0.033051558247629495,
  "coupling_delta_beta": 0.023954829258076942,
  "coupling_delta_gamma": 0.02261442601534838,
  "coupling_theta_alpha": 0.033840847201161116,
  "coupling_theta_beta": 0.024535077203352566,
  "coupling_theta_gamma": 0.017260985767703015,
  "coupling_alpha_beta": 0.0174240410059659,
  "coupling_alpha_gamma": 0.019593124318004272,
  "coupling_beta_gamma": 0.01546077528517778,
  "n_attractors_used": 12,
  "top_attractor_fraction": 0.11512345679012345,
  "attractor_entropy": 2.4745968056546728,
  "fraction_critical": 0.8333333333333334,
  "fraction_clocklike": 0.0,
  "top_sig_band0": 0.7752234913630737,
  "top_sig_band1": 0.4450204218468106,
  "top_sig_band2": 0.9999999995939348,
  "top_sig_band3": 0.8891435484048521,
  "top_sig_band4": 0.653403390444283,
  "global_metastability": 1.3506831032117954
}