{
  "subject": "S005",
  "rest_vocab_size": 1628,
  "task_vocab_size": 3467,
  "rest_entropy": 9.363119958614025,
  "task_entropy": 9.634414995788115,
  "rest_self_rate": 0.15105554416888706,
  "task_self_rate": 0.14873723258295646,
  "rest_mi": 7.12183136928272,
  "task_mi": 6.299130741213613,
  "rest_predictability": 0.7606258811979301,
  "task_predictability": 0.6538155917061294,
  "jaccard": 0.2693074240159442,
  "n_task_only": 2386,
  "n_rest_only": 547,
  "n_significant": 72,
  "lr_beta_shift": 0.003714204218459091,
  "lr_beta_ks_p": 0.46285204713221284,
  "lr_alpha_ks_p": 5.571601510168179e-06,
  "rest_zipf": 0.694158527162999,
  "task_zipf": 0.7348618618579558,
  "band_self_rest": {
    "delta": 0.7738051987212184,
    "theta": 0.6921077810302203,
    "alpha": 0.6668923173832828,
    "beta": 0.2931530549212086,
    "gamma": 0.2544467813376836
  },
  "band_self_task": {
    "delta": 0.7735543805714028,
    "theta": 0.6934824301738088,
    "alpha": 0.6460339470307177,
    "beta": 0.3166515784452808,
    "gamma": 0.2566657792430148
  }
}