{
  "delta_self_trans_mean": 0.8907372224536295,
  "delta_self_trans_max": 0.9099660249150623,
  "delta_n_words": 1014,
  "theta_self_trans_mean": 0.8520215748245026,
  "theta_self_trans_max": 0.8667466986794717,
  "theta_n_words": 1412,
  "alpha_self_trans_mean": 0.8056408860822377,
  "alpha_self_trans_max": 0.8486513486513486,
  "alpha_n_words": 1806,
  "beta_self_trans_mean": 0.7999541288511681,
  "beta_self_trans_max": 0.8194945848375451,
  "beta_n_words": 1903,
  "gamma_self_trans_mean": 0.8202971852823848,
  "gamma_self_trans_max": 0.8551000953288846,
  "gamma_n_words": 1674,
  "coupling_delta_theta": 0.04025226277835827,
  "coupling_delta_alpha": 0.04189308403061433,
  "coupling_delta_beta": 0.027520812278813735,
  "coupling_delta_gamma": 0.020549432471713647,
  "coupling_theta_alpha": 0.032128972344603324,
  "coupling_theta_beta": 0.020482604785970124,
  "coupling_theta_gamma": 0.015421437191522926,
  "coupling_alpha_beta": 0.021387846428167732,
  "coupling_alpha_gamma": 0.01599128157830612,
  "coupling_beta_gamma": 0.014838365149232695,
  "n_attractors_used": 11,
  "top_attractor_fraction": 0.11409465020576132,
  "attractor_entropy": 2.4435977912505433,
  "fraction_critical": 0.9166666666666666,
  "fraction_clocklike": 0.0,
  "top_sig_band0": 0.5350254437895324,
  "top_sig_band1": 0.6216924925019226,
  "top_sig_band2": 0.9999999995946693,
  "top_sig_band3": 0.7260956093738552,
  "top_sig_band4": 0.6853908547092152,
  "global_metastability": 1.5617538385696934
}