{
  "delta_self_trans_mean": 0.8912346336139634,
  "delta_self_trans_max": 0.9056728232189973,
  "delta_n_words": 1028,
  "theta_self_trans_mean": 0.8417174097935661,
  "theta_self_trans_max": 0.8592964824120602,
  "theta_n_words": 1519,
  "alpha_self_trans_mean": 0.8113797795838182,
  "alpha_self_trans_max": 0.843404255319149,
  "alpha_n_words": 1810,
  "beta_self_trans_mean": 0.7920532235349704,
  "beta_self_trans_max": 0.8090050835148874,
  "beta_n_words": 2007,
  "gamma_self_trans_mean": 0.8139096556087575,
  "gamma_self_trans_max": 0.838962605548854,
  "gamma_n_words": 1757,
  "coupling_delta_theta": 0.04209051481040933,
  "coupling_delta_alpha": 0.04176546666970167,
  "coupling_delta_beta": 0.03411526242386553,
  "coupling_delta_gamma": 0.024164830983902964,
  "coupling_theta_alpha": 0.02849661261736984,
  "coupling_theta_beta": 0.019826865121843444,
  "coupling_theta_gamma": 0.016825576291707268,
  "coupling_alpha_beta": 0.01877132377703551,
  "coupling_alpha_gamma": 0.01610380353669063,
  "coupling_beta_gamma": 0.012410903710747021,
  "n_attractors_used": 10,
  "top_attractor_fraction": 0.13148148148148148,
  "attractor_entropy": 2.3971281774869064,
  "fraction_critical": 0.5833333333333334,
  "fraction_clocklike": 0.0,
  "top_sig_band0": 0.46396857801581326,
  "top_sig_band1": 0.9999999996485724,
  "top_sig_band2": 0.47014820563738047,
  "top_sig_band3": 0.6717537766223152,
  "top_sig_band4": 0.5273257599363976,
  "global_metastability": 1.2768987054093353
}