{
  "subject": "S004",
  "rest_vocab_size": 941,
  "task_vocab_size": 2640,
  "rest_entropy": 7.573178117445378,
  "task_entropy": 8.611708064796899,
  "rest_self_rate": 0.2303750768600123,
  "task_self_rate": 0.18568016667513593,
  "rest_mi": 4.813248240149904,
  "task_mi": 5.0560986623782425,
  "rest_predictability": 0.6355651703295119,
  "task_predictability": 0.5871191434190223,
  "jaccard": 0.23227804542326222,
  "n_task_only": 1965,
  "n_rest_only": 266,
  "n_significant": 106,
  "lr_beta_shift": 0.008736043369554629,
  "lr_beta_ks_p": 0.8846219539155701,
  "lr_alpha_ks_p": 0.12143000522828207,
  "rest_zipf": 0.9059121165666809,
  "task_zipf": 0.8712965910887223,
  "band_self_rest": {
    "delta": 0.7651935068464724,
    "theta": 0.6956136652829059,
    "alpha": 0.6276559210442314,
    "beta": 0.2462297131855412,
    "gamma": 0.23783827418121845
  },
  "band_self_task": {
    "delta": 0.7710606782764001,
    "theta": 0.6886556946570743,
    "alpha": 0.6432103532927567,
    "beta": 0.2739347219307298,
    "gamma": 0.238923670462995
  }
}