{
  "subject": "S001",
  "rest_vocab_size": 822,
  "task_vocab_size": 1885,
  "rest_entropy": 7.649556740516849,
  "task_entropy": 8.237644059605943,
  "rest_self_rate": 0.18528386964541915,
  "task_self_rate": 0.17090854542727135,
  "rest_mi": 4.5760423955278755,
  "task_mi": 4.387146445485975,
  "rest_predictability": 0.5982101382803379,
  "task_predictability": 0.5325729557797667,
  "jaccard": 0.3128031037827352,
  "n_task_only": 1240,
  "n_rest_only": 177,
  "n_significant": 51,
  "lr_beta_shift": 0.0011175714323762107,
  "lr_beta_ks_p": 0.9904598325131571,
  "lr_alpha_ks_p": 0.19368528036670485,
  "rest_zipf": 0.8657993240041061,
  "task_zipf": 0.8044947310299673,
  "band_self_rest": {
    "delta": 0.6049544833634204,
    "theta": 0.5834644759029093,
    "alpha": 0.5513028485481988,
    "beta": 0.256429305620125,
    "gamma": 0.2726324993913089
  },
  "band_self_task": {
    "delta": 0.7077437854641662,
    "theta": 0.5978702319631608,
    "alpha": 0.5854730956576225,
    "beta": 0.2461784327469443,
    "gamma": 0.24673025325736525
  }
}