{
  "delta_self_trans_mean": 0.9008420453157873,
  "delta_self_trans_max": 0.9120521172638436,
  "delta_n_words": 963,
  "theta_self_trans_mean": 0.8571296760983009,
  "theta_self_trans_max": 0.8696498054474708,
  "theta_n_words": 1379,
  "alpha_self_trans_mean": 0.7984279567835186,
  "alpha_self_trans_max": 0.831899024670109,
  "alpha_n_words": 1907,
  "beta_self_trans_mean": 0.8027471796663754,
  "beta_self_trans_max": 0.8256944444444444,
  "beta_n_words": 1879,
  "gamma_self_trans_mean": 0.8013583126001036,
  "gamma_self_trans_max": 0.8482339955849889,
  "gamma_n_words": 1744,
  "coupling_delta_theta": 0.04841143744650073,
  "coupling_delta_alpha": 0.03609512212066291,
  "coupling_delta_beta": 0.029433568798285223,
  "coupling_delta_gamma": 0.021631734011365804,
  "coupling_theta_alpha": 0.032657620033689355,
  "coupling_theta_beta": 0.01851848961690429,
  "coupling_theta_gamma": 0.015814607623174083,
  "coupling_alpha_beta": 0.02099282737760054,
  "coupling_alpha_gamma": 0.015778162910141783,
  "coupling_beta_gamma": 0.01586841706257565,
  "n_attractors_used": 12,
  "top_attractor_fraction": 0.10997942386831276,
  "attractor_entropy": 2.467752051090385,
  "fraction_critical": 1.0,
  "fraction_clocklike": 0.0,
  "top_sig_band0": 0.6537098589122101,
  "top_sig_band1": 0.6776302695123929,
  "top_sig_band2": 0.7184799227434622,
  "top_sig_band3": 0.9831465637427607,
  "top_sig_band4": 0.9999999994588367,
  "global_metastability": 1.5261301491401886
}