{
  "subject": "S002",
  "rest_vocab_size": 782,
  "task_vocab_size": 1535,
  "rest_entropy": 7.425509688783098,
  "task_entropy": 7.613329818909345,
  "rest_self_rate": 0.22381635581061693,
  "task_self_rate": 0.21418771279028406,
  "rest_mi": 4.446835034942522,
  "task_mi": 3.8822052927153017,
  "rest_predictability": 0.5988592327419445,
  "task_predictability": 0.5099221214708193,
  "jaccard": 0.3424101969872538,
  "n_task_only": 944,
  "n_rest_only": 191,
  "n_significant": 46,
  "lr_beta_shift": -0.002259644874107708,
  "lr_beta_ks_p": 0.15440373733934154,
  "lr_alpha_ks_p": 0.040866200309334966,
  "rest_zipf": 0.9163532788392248,
  "task_zipf": 0.8743494026884178,
  "band_self_rest": {
    "delta": 0.7656879733800033,
    "theta": 0.5923298878990759,
    "alpha": 0.602542069600652,
    "beta": 0.28005093314091156,
    "gamma": 0.21303789516328026
  },
  "band_self_task": {
    "delta": 0.6818377285261962,
    "theta": 0.639070748404284,
    "alpha": 0.531286964813047,
    "beta": 0.25894168457811256,
    "gamma": 0.22807517262973487
  }
}