{
  "delta_self_trans_mean": 0.9047761270157121,
  "delta_self_trans_max": 0.916403785488959,
  "delta_n_words": 913,
  "theta_self_trans_mean": 0.8529327642049047,
  "theta_self_trans_max": 0.8763874873864783,
  "theta_n_words": 1393,
  "alpha_self_trans_mean": 0.8155662869863738,
  "alpha_self_trans_max": 0.8486486486486486,
  "alpha_n_words": 1737,
  "beta_self_trans_mean": 0.8016364160222533,
  "beta_self_trans_max": 0.8296703296703297,
  "beta_n_words": 1903,
  "gamma_self_trans_mean": 0.811950737439217,
  "gamma_self_trans_max": 0.8608478802992519,
  "gamma_n_words": 1695,
  "coupling_delta_theta": 0.03418324283937624,
  "coupling_delta_alpha": 0.030652877927961557,
  "coupling_delta_beta": 0.026223518384686208,
  "coupling_delta_gamma": 0.01879341371618528,
  "coupling_theta_alpha": 0.022018008311561775,
  "coupling_theta_beta": 0.018014937692953332,
  "coupling_theta_gamma": 0.016403520539975118,
  "coupling_alpha_beta": 0.019676157912122516,
  "coupling_alpha_gamma": 0.015024298863790602,
  "coupling_beta_gamma": 0.01478396980205364,
  "n_attractors_used": 12,
  "top_attractor_fraction": 0.10432098765432099,
  "attractor_entropy": 2.472952201865375,
  "fraction_critical": 0.9166666666666666,
  "fraction_clocklike": 0.0,
  "top_sig_band0": 0.4823507697951454,
  "top_sig_band1": 0.9999999995745251,
  "top_sig_band2": 0.9189346609033309,
  "top_sig_band3": 0.7291691361722465,
  "top_sig_band4": 0.6445306403345571,
  "global_metastability": 1.4418159569688107
}