{
  "subject": "S003",
  "rest_vocab_size": 840,
  "task_vocab_size": 1899,
  "rest_entropy": 7.664520853622558,
  "task_entropy": 8.2753487777517,
  "rest_self_rate": 0.18446402951424473,
  "task_self_rate": 0.14760738036901844,
  "rest_mi": 4.669348017357869,
  "task_mi": 4.289051215782692,
  "rest_predictability": 0.6092159061907894,
  "task_predictability": 0.5182925011346734,
  "jaccard": 0.3061516452074392,
  "n_task_only": 1257,
  "n_rest_only": 198,
  "n_significant": 75,
  "lr_beta_shift": 0.0026445842668524674,
  "lr_beta_ks_p": 0.2527260907611957,
  "lr_alpha_ks_p": 0.36607927986346933,
  "rest_zipf": 0.8390073537778205,
  "task_zipf": 0.7757436542959073,
  "band_self_rest": {
    "delta": 0.7026680558075808,
    "theta": 0.6299866958029415,
    "alpha": 0.5074265236087023,
    "beta": 0.2572525311353825,
    "gamma": 0.22615090856295403
  },
  "band_self_task": {
    "delta": 0.6674689506519017,
    "theta": 0.6185205267625044,
    "alpha": 0.5678813745297738,
    "beta": 0.28191921928740366,
    "gamma": 0.2503289680189185
  }
}