{
  "delta_self_trans_mean": 0.8972719271321267,
  "delta_self_trans_max": 0.910212474297464,
  "delta_n_words": 981,
  "theta_self_trans_mean": 0.8486441924102849,
  "theta_self_trans_max": 0.8756947953511874,
  "theta_n_words": 1434,
  "alpha_self_trans_mean": 0.8005780549036998,
  "alpha_self_trans_max": 0.8210455764075067,
  "alpha_n_words": 1904,
  "beta_self_trans_mean": 0.7976558188754783,
  "beta_self_trans_max": 0.8253131179960448,
  "beta_n_words": 1928,
  "gamma_self_trans_mean": 0.8080754240496195,
  "gamma_self_trans_max": 0.8321256038647343,
  "gamma_n_words": 1809,
  "coupling_delta_theta": 0.04004909049857152,
  "coupling_delta_alpha": 0.028703432539571156,
  "coupling_delta_beta": 0.02381511804066943,
  "coupling_delta_gamma": 0.016357533033457737,
  "coupling_theta_alpha": 0.02754728262461464,
  "coupling_theta_beta": 0.019120464855132357,
  "coupling_theta_gamma": 0.017449357077373585,
  "coupling_alpha_beta": 0.02000766458740788,
  "coupling_alpha_gamma": 0.016590297699987756,
  "coupling_beta_gamma": 0.011675187271312885,
  "n_attractors_used": 11,
  "top_attractor_fraction": 0.10154320987654321,
  "attractor_entropy": 2.4657333525148983,
  "fraction_critical": 0.75,
  "fraction_clocklike": 0.0,
  "top_sig_band0": 0.99999999957422,
  "top_sig_band1": 0.551811020788348,
  "top_sig_band2": 0.8600629998665672,
  "top_sig_band3": 0.6955099626172168,
  "top_sig_band4": 0.6832403823427582,
  "global_metastability": 1.3932833158072224
}