{
  "delta_self_trans_mean": 0.8952870597455529,
  "delta_self_trans_max": 0.9050942079553385,
  "delta_n_words": 1013,
  "theta_self_trans_mean": 0.8511908545712714,
  "theta_self_trans_max": 0.8736681887366818,
  "theta_n_words": 1407,
  "alpha_self_trans_mean": 0.8079949275914156,
  "alpha_self_trans_max": 0.8327176781002639,
  "alpha_n_words": 1796,
  "beta_self_trans_mean": 0.795507703217578,
  "beta_self_trans_max": 0.8278260869565217,
  "beta_n_words": 1947,
  "gamma_self_trans_mean": 0.818778475056184,
  "gamma_self_trans_max": 0.8527054108216433,
  "gamma_n_words": 1703,
  "coupling_delta_theta": 0.03399528005176604,
  "coupling_delta_alpha": 0.0338332827465633,
  "coupling_delta_beta": 0.01949430270823749,
  "coupling_delta_gamma": 0.01884466344818035,
  "coupling_theta_alpha": 0.03100118569294128,
  "coupling_theta_beta": 0.020859666291735184,
  "coupling_theta_gamma": 0.018866898252800593,
  "coupling_alpha_beta": 0.01962009070850866,
  "coupling_alpha_gamma": 0.015439056879938864,
  "coupling_beta_gamma": 0.015775992514077977,
  "n_attractors_used": 12,
  "top_attractor_fraction": 0.1184156378600823,
  "attractor_entropy": 2.4537425510514,
  "fraction_critical": 0.9166666666666666,
  "fraction_clocklike": 0.0,
  "top_sig_band0": 0.5379735279723624,
  "top_sig_band1": 0.9999999996603285,
  "top_sig_band2": 0.6401152344100818,
  "top_sig_band3": 0.7171367785497083,
  "top_sig_band4": 0.6077095722295232,
  "global_metastability": 1.3553249503011369
}